;;;;
Наушники;Наушники B&W P7;B&W P7;50;Наушники B&W серии P7
Наушники;Наушники B&W P5 Wireless;B&W P5 Wireless;50;Наушники B&W серии P5 Wireless
Наушники;Наушники B&W P5 S2;B&W P5 S2;50;Наушники B&W серии P5 S2
Наушники;Наушники B&W P3;B&W P3;50;Наушники B&W серии P3
Наушники;Наушники B&W C5 S2;B&W C5 S2;50;Наушники B&W серии C5 S2
Наушники;Наушники B&W Panorama 2;B&W Panorama 2;50;Наушники B&W серии Panorama 2
DOC-станции;Минисистема B&W A7;B&W A7;50;Мультимедийная док-станция B&W серии A7
DOC-станции;Минисистема B&W A5;B&W A5;50;Мультимедийная док-станция B&W серии A5
DOC-станции;Минисистема B&W T7;B&W T7;50;Мультимедийная док-станция B&W серии T7
DOC-станции;Минисистема B&W MM 1;B&W MM 1;50;Мультимедийная док-станция B&W серии MM 1
