Категория;Название;Описание;Количество;Артикул;Цена
Садки;            Competition D Keepnet (60x45-50x40cm, 300cm) (Матерчастый садок,9 металическими кольцами( 6 колец : 60x45cm ,6 колец : 50x40cm) • Размер: 60x45 - 50x40cm , 300 см;            Competition D Keepnet (60x45-50x40cm, 300cm) (Матерчастый садок,9 металическими кольцами( 6 колец : 60x45cm ,6 колец : 50x40cm) • Размер: 60x45 - 50x40cm , 300 см;2,000;CZ1437;23,70 EUR
Садки;            CZ  StarkKeepnet, 5 section (?45x250)  (МАТЕРЧАТЫЙ САДОК С МЕТАЛИЧЕСКИМИ КОЛЬЦАМИ);            CZ  StarkKeepnet, 5 section (?45x250)  (МАТЕРЧАТЫЙ САДОК С МЕТАЛИЧЕСКИМИ КОЛЬЦАМИ);3,000;CZ8341;12,68 EUR
Садки;            CZ  StarkKeepnet, 6 section (?45x300)  (МАТЕРЧАТЫЙ САДОК С МЕТАЛИЧЕСКИМИ КОЛЬЦАМИ);            CZ  StarkKeepnet, 6 section (?45x300)  (МАТЕРЧАТЫЙ САДОК С МЕТАЛИЧЕСКИМИ КОЛЬЦАМИ);2,000;CZ8358;14,18 EUR
Садки;            CZ Competition Keepnet, 50x40cmx3m (садок для рыбы - для соревнований);            CZ  StarkKeepnet, 6 section (?45x300)  (МАТЕРЧАТЫЙ САДОК С МЕТАЛИЧЕСКИМИ КОЛЬЦАМИ);1,000;CZ3040;17,18 EUR
Садки;            CZ Eco-N Keepnet, 5 section (?35x140cm);            CZ Eco-N Keepnet, 5 section (?35x140cm);;CZ0023;2,93 EUR
Садки;            CZ Eco-N Keepnet, 5 section (?40x160cm);            CZ Eco-N Keepnet, 5 section (?40x160cm);2,000;CZ0030;3,68 EUR
Садки;            CZ Eco-N Keepnet, 6 section (?45x180cm);            CZ Eco-N Keepnet, 6 section (?45x180cm);2,000;CZ0047;5,18 EUR
Садки;            CZ Keepnet Bag (?55x8cm) (Сумка-чехол для садка);            CZ Keepnet Bag (?55x8cm) (Сумка-чехол для садка);2,000;CZ7948;7,13 EUR
Садки;            CZ Stark Keepnet, 4 section (?45x200)  (МАТЕРЧАТЫЙ САДОК С МЕТАЛИЧЕСКИМИ КОЛЬЦАМИ);            CZ Stark Keepnet, 4 section (?45x200)  (МАТЕРЧАТЫЙ САДОК С МЕТАЛИЧЕСКИМИ КОЛЬЦАМИ);1,000;CZ8334;10,43 EUR
